Year,Country,AverageTemperature,AverageTemperatureUncertainty,global_avg_temperature,temperature_anomaly,max_temperature,min_temperature,co2_concentration_ppm,annual_rainfall_mm,sea_level_rise_mm,sea_surface_temperature,heatwave_days,drought_index,flood_events_count,forest_cover_percent,deforestation_rate,fossil_fuel_consumption,renewable_energy_share,air_quality_index,predicted_temperature_2050,climate_risk_index
1980,Australia,22.586166666666667,0.1718333333333333,14.71,0.8766666666666666,31.616666666666664,4.260000000000001,416.99,898.7366666666667,3.4466666666666668,15.036666666666667,28.0,2.3666666666666667,5.333333333333333,45.32666666666666,1.8833333333333335,50.050000000000004,34.24333333333333,54.333333333333336,2.3266666666666667,67.16666666666667
1981,Australia,22.164083333333334,0.19533333333333333,14.306000000000001,0.8539999999999999,37.112,3.2399999999999998,431.51800000000003,791.4159999999999,3.7980000000000005,16.368000000000002,37.8,1.7399999999999998,8.4,38.04,2.642,64.57000000000001,41.484,108.6,2.134,50.888
1982,Australia,21.9105,0.16483333333333333,14.2375,0.97,33.5675,5.895,368.96,1146.3474999999999,2.6,16.752499999999998,38.75,3.8099999999999996,8.75,44.865,2.475,57.345,40.6625,116.5,2.27,55.02
1983,Australia,22.261083333333332,0.19775,12.78,1.03,36.67,7.53,454.34,1417.1,3.7,18.96,47.0,3.38,12.0,25.2,3.09,86.62,5.19,148.0,2.16,71.19
1984,Australia,21.516916666666663,0.18216666666666667,15.23,0.91,29.4,7.39,387.21,1396.39,4.95,16.59,54.0,0.57,14.0,61.68,2.81,75.92,58.89,64.0,2.33,57.81
1985,Australia,22.04341666666667,0.21158333333333335,14.155,0.97,35.370000000000005,5.15,403.725,1038.165,3.415,17.23,44.0,0.56,2.5,33.31,1.6600000000000001,48.045,29.424999999999997,175.5,1.895,18.105
1986,Australia,22.093249999999998,0.18208333333333335,14.105,1.51,33.28,1.0,402.88,1316.87,4.075,18.27,32.0,3.1950000000000003,8.5,42.18,1.4749999999999999,48.415,34.6,168.0,2.4400000000000004,28.715
1987,Australia,22.07241666666667,0.15758333333333333,14.336000000000002,1.0379999999999998,34.388,3.558,413.988,1004.824,3.9539999999999997,16.976,43.6,1.4420000000000002,4.4,33.918,0.968,63.93800000000001,33.344,146.2,2.534,61.234
1988,Australia,22.63008333333333,0.16433333333333333,14.4,1.0575,37.625,5.21,409.775,864.1575,2.1975000000000002,16.2775,19.0,2.045,6.0,43.95,1.4925,67.23,33.412499999999994,98.5,2.1574999999999998,60.86
1989,Australia,21.86283333333333,0.21291666666666667,14.82,1.03,42.25,3.48,402.59,1116.53,5.79,15.63,22.0,1.08,10.0,43.42,2.97,80.95,34.36,156.0,1.94,58.38
1990,Australia,22.35575,0.18575,14.28,0.58,36.4,3.38,399.28,995.7,5.31,15.98,53.0,1.41,0.0,31.39,0.34,75.21,27.89,127.0,3.2,40.9
1991,Australia,22.48741666666667,0.14941666666666667,14.29,1.24,35.53,5.25,444.65,1048.99,5.43,16.22,33.0,4.84,2.0,30.18,0.57,65.47,27.46,93.0,2.35,16.06
1992,Australia,21.932583333333337,0.22791666666666666,14.375,1.09,32.945,2.475,424.85,1356.025,3.255,15.920000000000002,14.5,1.85,10.5,46.39,1.7000000000000002,32.735,34.185,133.5,2.425,63.245000000000005
1994,Australia,22.03025,0.21308333333333332,16.1,1.42,43.52,10.76,417.07,1168.58,4.88,15.8,35.0,2.51,4.0,30.47,3.3,41.54,17.32,88.0,2.62,87.53
1996,Australia,22.325333333333333,0.16083333333333333,15.36,1.1600000000000001,34.64,8.475000000000001,400.08500000000004,1056.145,3.475,16.915,43.0,2.0949999999999998,8.0,41.864999999999995,2.2,43.76,30.19,150.0,1.8450000000000002,42.165
1997,Australia,22.086,0.18875,14.1,1.4,40.09,7.39,416.23,1281.52,4.34,17.41,14.0,2.17,12.0,51.01,2.13,59.32,45.17,40.0,2.14,75.0
1998,Australia,22.664833333333334,0.17074999999999999,14.3475,0.88,30.67,7.35,420.4825,1036.77,3.5300000000000002,16.0875,34.0,2.2399999999999998,4.75,33.82,1.5724999999999998,58.05499999999999,38.505,105.5,1.9425000000000001,29.470000000000002
1999,Australia,22.0645,0.17700000000000002,14.36,1.31,30.75,1.745,394.28999999999996,1495.155,3.915,14.969999999999999,28.5,3.125,11.5,51.825,2.045,44.620000000000005,49.285,86.5,2.15,37.715
2000,Australia,21.709666666666667,0.17600000000000002,13.886,1.266,30.73,4.438000000000001,411.05199999999996,1135.85,3.6420000000000003,16.604,25.4,3.37,4.4,38.160000000000004,0.8879999999999999,52.398,31.458,141.2,1.86,50.564
2001,Australia,21.79275,0.16141666666666668,14.5225,1.3425,32.535,2.7624999999999997,399.565,1133.4275,3.925,16.1275,16.75,1.94,9.75,47.89,2.0125,53.885,43.6875,104.25,2.355,25.314999999999998
2002,Australia,22.46083333333333,0.17008333333333334,14.520000000000001,0.79,35.065,3.6500000000000004,414.19,859.7416666666668,3.2483333333333335,16.716666666666665,32.833333333333336,2.8716666666666666,9.333333333333334,51.43333333333334,1.1700000000000002,63.42166666666666,28.595,84.83333333333333,2.1716666666666664,31.661666666666665
2003,Australia,22.44033333333333,0.22516666666666665,14.865,1.1275,32.82,9.0875,414.075,1135.8875,2.5975,16.775,33.5,2.875,4.75,33.3075,1.6675,57.72749999999999,32.8425,121.75,2.29,38.805
2004,Australia,22.286916666666666,0.164,14.73,0.9025,35.805,3.6325,414.4275,973.77,3.9124999999999996,17.12,16.25,3.1799999999999997,3.5,45.33,1.685,50.230000000000004,30.4775,103.5,2.5225,48.725
2005,Australia,22.896833333333333,0.15566666666666665,13.705,1.0825,35.57,3.7475,424.05,924.06,3.985,16.5925,32.0,2.1475,8.75,43.25,1.815,30.947499999999998,38.095,161.0,2.5925000000000002,43.0775
2006,Australia,22.264416666666666,0.20825000000000002,13.68,0.6,30.17,4.51,436.72,1729.79,3.92,17.41,58.0,3.33,14.0,61.49,0.41,33.4,58.56,167.0,1.61,57.75
2007,Australia,22.48675,0.15783333333333333,14.358,1.222,33.456,8.912,422.59399999999994,760.766,3.282,16.89,31.6,2.25,7.8,28.106,1.484,57.39,29.086000000000002,113.8,2.416,45.914
2008,Australia,22.225916666666667,0.16624999999999998,14.06,1.31,37.6325,4.234999999999999,415.2375,921.045,3.805,15.655000000000001,32.0,3.69,6.75,48.769999999999996,1.9300000000000002,67.5175,28.395,92.5,1.9674999999999998,46.455
2009,Australia,22.690583333333333,0.18433333333333332,14.299999999999999,0.6266666666666667,35.39333333333334,1.906666666666667,411.02,853.9566666666666,2.5766666666666667,16.723333333333333,28.666666666666668,3.3333333333333335,6.0,56.74333333333333,1.4633333333333332,56.26666666666667,33.75,126.33333333333333,2.3433333333333333,38.10333333333333
2010,Australia,22.078166666666664,0.18141666666666667,15.44,0.83,32.67,3.99,416.01,1228.03,2.37,19.47,53.0,1.75,14.0,28.02,1.34,80.67,13.75,79.0,3.05,36.75
2012,Australia,22.0245,0.237,14.823333333333332,1.1833333333333333,37.19,1.586666666666667,394.59999999999997,1033.18,2.8666666666666667,16.676666666666666,39.333333333333336,2.69,8.666666666666666,33.90333333333333,1.2966666666666666,54.800000000000004,34.76333333333333,166.0,2.6033333333333335,57.029999999999994
2013,Australia,22.142875,0.223625,14.085,0.96,37.135000000000005,1.18,403.88,1298.69,3.975,17.045,8.0,2.335,4.5,45.525000000000006,2.05,47.175,21.895,158.0,2.4699999999999998,27.435
1980,Brazil,25.148,0.20758333333333334,14.835,0.5900000000000001,28.775,6.21,415.115,1191.46,2.815,17.060000000000002,34.0,0.475,5.5,25.18,0.87,56.565,37.735,164.5,2.3049999999999997,56.925
1981,Brazil,24.983416666666667,0.23424999999999999,14.2025,0.975,32.65,8.6575,419.9525,814.0475,2.925,16.04,24.25,2.915,5.75,36.8025,1.865,65.3375,29.064999999999998,139.25,2.645,17.240000000000002
1982,Brazil,25.230333333333334,0.23466666666666666,14.33,0.87,30.765,6.640000000000001,407.985,1273.3049999999998,3.8899999999999997,14.93,36.5,2.06,5.0,34.525000000000006,1.925,53.56,35.285000000000004,147.5,2.48,27.39
1983,Brazil,25.35075,0.24358333333333335,13.76,1.5150000000000001,35.545,6.800000000000001,410.625,1171.8899999999999,2.52,15.65,24.5,2.73,9.5,52.84,1.4100000000000001,62.254999999999995,28.4,183.5,2.275,28.185000000000002
1985,Brazil,24.965666666666667,0.23708333333333334,14.754999999999999,1.08,39.445,4.725,430.95500000000004,1148.58,3.0949999999999998,15.705,49.0,3.29,6.0,51.415,1.63,71.045,35.44,110.5,2.34,53.59
1987,Brazil,25.56341666666667,0.20583333333333334,14.536666666666667,1.0216666666666667,34.373333333333335,4.75,419.95166666666665,853.6999999999999,2.9883333333333333,16.438333333333333,30.833333333333332,2.0833333333333335,8.666666666666666,39.06166666666667,1.31,72.70666666666666,43.379999999999995,105.5,2.5,39.28666666666667
1988,Brazil,25.177333333333337,0.18883333333333333,14.62,1.57,31.92,5.92,455.01,1013.44,1.67,16.2,23.0,4.85,12.0,65.47,1.7,55.21,15.16,123.0,2.59,61.18
1989,Brazil,24.871416666666665,0.21025000000000002,13.695,1.1425,35.6475,6.0600000000000005,426.5625,1023.2349999999999,3.8125,17.195,38.25,3.9775,7.0,21.2775,2.08,47.6175,17.997500000000002,133.75,2.02,49.69
1990,Brazil,25.27491666666667,0.21725000000000003,13.79,0.48,18.62,1.92,357.65,1032.4,2.67,11.32,12.0,3.59,14.0,52.69,2.16,73.77,43.74,117.0,2.05,11.39
1991,Brazil,25.29216666666667,0.15966666666666665,14.616666666666667,0.8583333333333334,33.528333333333336,4.798333333333333,423.5133333333333,1030.855,2.698333333333333,16.501666666666665,33.333333333333336,2.5566666666666666,5.833333333333333,37.72666666666667,1.9533333333333331,43.94166666666666,29.338333333333335,156.0,2.4283333333333332,39.608333333333334
1992,Brazil,25.251333333333335,0.22924999999999998,14.08,0.59,29.14,4.5,386.85,795.03,2.31,15.01,45.0,4.85,11.0,27.72,0.83,47.48,48.4,56.0,2.25,89.95
1993,Brazil,25.354916666666668,0.21008333333333332,14.504999999999999,0.46,39.33,8.56,381.13,698.2149999999999,3.035,15.440000000000001,48.0,2.3,5.5,21.05,1.86,67.92,35.505,135.5,2.21,35.25
1994,Brazil,25.454666666666668,0.1918333333333333,14.05,1.32,32.15,5.16,412.59,1104.57,2.13,17.04,52.0,4.36,4.0,68.94,0.77,21.59,6.42,45.0,2.1,64.41
1995,Brazil,25.55441666666667,0.2038333333333333,14.504999999999999,0.9099999999999999,40.74,-1.5,434.94,920.3199999999999,2.755,16.125,35.0,0.98,7.0,41.855000000000004,1.275,64.76,57.925,122.5,1.74,16.4
1996,Brazil,25.337833333333332,0.16916666666666666,15.46,1.4100000000000001,33.394999999999996,8.685,435.255,1029.435,4.705,16.37,37.0,1.055,6.5,24.2,0.36,72.015,30.915,106.5,1.81,31.585
1997,Brazil,25.559416666666667,0.17041666666666666,15.0,0.57,38.35,5.43,403.4,569.56,3.95,12.78,16.0,1.91,9.0,69.32,0.21,82.68,59.51,127.0,2.31,30.91
1998,Brazil,25.95875,0.17675,14.25,0.95,31.88,0.13,421.0,396.13,3.19,20.88,33.0,2.12,7.0,25.25,3.02,44.37,42.03,141.0,2.05,63.66
1999,Brazil,25.286583333333336,0.14525,13.88,0.95,35.45,10.62,423.42,1045.91,5.73,17.48,23.0,1.34,8.0,52.14,1.72,67.78,41.38,87.0,2.53,34.8
2000,Brazil,25.1965,0.16508333333333333,15.81,1.17,38.63,3.44,432.27,512.86,4.43,17.64,47.0,4.4,7.0,45.2,3.26,34.56,17.26,88.0,2.15,81.74
2001,Brazil,25.504416666666668,0.16991666666666663,14.096666666666666,1.2033333333333334,34.333333333333336,-0.5033333333333333,423.72,714.32,3.1633333333333336,15.83,29.666666666666668,1.7666666666666666,7.0,36.223333333333336,1.29,62.59333333333333,46.166666666666664,136.33333333333334,2.3133333333333335,68.56
2002,Brazil,25.80033333333333,0.16075,13.9475,1.1475,33.730000000000004,3.8225,409.54499999999996,832.6025,3.5,17.605,26.75,3.7625,3.75,39.855000000000004,2.15,53.567499999999995,33.9925,123.5,2.33,33.3
2003,Brazil,25.621,0.23108333333333334,14.39,1.0350000000000001,30.197499999999998,7.2575,409.975,1058.065,3.55,16.4125,34.5,3.0475,3.75,37.67,2.66,57.95,24.560000000000002,138.5,2.605,37.32
2005,Brazil,25.806,0.16375,14.385,1.0,35.125,4.365,402.47,1107.2675,3.445,16.055,41.75,1.565,4.75,47.6125,2.0,45.004999999999995,30.265,151.25,1.9575,56.155
2006,Brazil,25.517,0.236,14.776666666666666,0.7399999999999999,34.96333333333333,2.68,425.6266666666666,790.8233333333334,2.3633333333333333,15.403333333333334,25.0,3.1166666666666667,5.666666666666667,41.04333333333333,1.4466666666666665,50.48,20.993333333333332,153.66666666666666,2.6566666666666667,49.36333333333334
2007,Brazil,25.668000000000003,0.16733333333333333,14.573333333333332,1.0966666666666667,34.52166666666667,4.623333333333334,415.9533333333333,808.7466666666666,3.283333333333333,17.551666666666666,33.333333333333336,2.685,6.0,47.44166666666666,1.6016666666666666,48.07333333333333,28.846666666666668,114.16666666666667,2.5116666666666667,59.87166666666667
2008,Brazil,25.41033333333333,0.16258333333333333,15.35,1.44,34.24,6.275,421.46000000000004,877.76,3.825,15.57,36.5,3.7649999999999997,8.5,35.195,2.23,61.58,41.995000000000005,94.5,1.915,35.370000000000005
2009,Brazil,25.600583333333333,0.18566666666666667,14.95,1.38,36.84,2.32,425.63,1213.66,4.01,17.95,13.0,4.99,13.0,62.27,2.11,22.27,26.27,184.0,2.12,37.44
2010,Brazil,25.812416666666667,0.158,14.375,1.6099999999999999,32.68,-0.9950000000000001,421.61,1277.35,3.435,16.744999999999997,41.0,0.92,4.5,36.56,0.3,42.004999999999995,35.765,125.5,2.1950000000000003,38.97
2011,Brazil,25.428916666666666,0.20483333333333334,14.270000000000001,1.0433333333333332,36.32666666666667,3.19,415.06333333333333,919.79,2.9166666666666665,16.053333333333335,27.333333333333332,3.4933333333333336,6.666666666666667,60.593333333333334,2.703333333333333,54.666666666666664,42.93,156.33333333333334,2.1466666666666665,73.18666666666667
2012,Brazil,25.717083333333335,0.231,14.475999999999999,1.07,36.032,6.356,432.244,1170.848,3.624,17.131999999999998,41.6,2.376,6.0,39.54,2.298,41.034,18.928,107.4,1.932,32.946
2013,Brazil,25.348125,0.26225,14.7,0.77,33.58,-1.63,440.2,800.41,4.43,16.12,45.0,1.75,9.0,32.95,1.22,46.05,56.05,184.0,2.2,96.55
1980,Canada,-4.416916666666666,0.26216666666666666,14.82,0.9466666666666668,34.04666666666667,1.8433333333333335,377.4666666666667,613.6033333333334,3.9966666666666666,16.113333333333333,30.0,1.78,10.333333333333334,48.61666666666667,1.1366666666666667,44.31666666666666,31.743333333333336,101.33333333333333,2.57,66.79333333333334
1981,Canada,-2.86725,0.27599999999999997,14.595,0.79,37.0575,2.75,416.46999999999997,1091.285,3.6125,17.2175,21.25,3.345,7.75,41.4075,1.7025,42.2025,38.5975,148.0,2.46,44.5325
1982,Canada,-5.875166666666668,0.24950000000000003,14.02,0.63,33.81,0.57,331.31,596.16,3.3,16.38,15.0,1.43,6.0,15.58,1.83,49.75,23.12,82.0,2.38,95.65
1983,Canada,-4.75175,0.24058333333333334,14.495000000000001,0.9924999999999999,39.1275,4.4425,408.6225,1424.0500000000002,3.4650000000000003,16.575,24.5,3.2125,7.0,32.120000000000005,1.315,55.63,18.595,143.0,2.175,34.8425
1984,Canada,-4.634250000000001,0.24325,15.19,1.34,30.49,3.09,457.79,843.14,2.37,16.53,35.0,2.77,4.0,13.98,0.69,87.65,49.84,102.0,2.4,28.71
1985,Canada,-4.901166666666666,0.24758333333333335,14.5,0.88,33.94,4.8,403.27,1012.53,3.92,18.85,15.0,1.88,11.0,55.05,1.25,21.78,59.85,168.0,1.8,70.56
1986,Canada,-4.843916666666666,0.24449999999999997,14.36,1.495,41.0625,6.155,415.0625,988.2850000000001,3.3525,17.314999999999998,34.75,3.585,10.75,28.84,1.605,54.93,42.43,63.25,2.105,45.36749999999999
1987,Canada,-3.3433333333333333,0.23775000000000002,14.283333333333333,1.5533333333333335,37.99666666666666,4.623333333333334,408.6666666666667,1128.36,4.1433333333333335,15.456666666666665,13.666666666666666,2.6466666666666665,8.0,42.63,0.7333333333333334,52.330000000000005,33.20333333333333,138.33333333333334,2.6533333333333333,71.15333333333332
1988,Canada,-4.125166666666666,0.23124999999999998,14.806666666666667,0.8566666666666666,30.406666666666666,4.89,415.75333333333333,1042.3233333333335,3.873333333333333,18.266666666666666,30.333333333333332,3.34,6.0,56.26333333333333,1.95,61.25666666666666,28.063333333333333,125.0,2.28,55.449999999999996
1989,Canada,-5.073333333333333,0.24933333333333332,14.48,1.24,39.36,3.47,422.59,525.59,4.01,17.09,28.0,2.44,7.0,53.51,1.68,88.64,22.88,74.0,1.83,86.61
1990,Canada,-5.021916666666667,0.27125,14.75,1.198,36.012,1.768,414.75,1149.812,2.77,16.69,16.6,2.83,6.6,37.458,1.23,62.88000000000001,31.342000000000002,168.2,2.016,36.162
1991,Canada,-4.426666666666667,0.20866666666666667,14.38,0.64,36.81,3.95,377.35,471.92,4.08,14.45,35.0,3.2,10.0,12.11,2.0,70.8,58.48,109.0,1.69,31.53
1992,Canada,-4.928916666666667,0.27166666666666667,14.61,0.74,38.26,4.41,425.26,1091.325,5.16,15.405,33.5,3.6750000000000003,6.0,50.075,2.34,58.574999999999996,57.39,138.0,2.455,67.00999999999999
1993,Canada,-4.4014999999999995,0.2205,14.734285714285715,1.1185714285714285,34.79,5.757142857142857,422.65999999999997,944.3671428571428,3.915714285714286,17.084285714285716,31.428571428571427,2.4057142857142857,7.0,46.19285714285714,2.0828571428571427,59.31142857142857,41.458571428571425,103.71428571428571,2.567142857142857,45.701428571428565
1994,Canada,-4.433666666666666,0.24683333333333335,14.64,1.525,39.165,5.699999999999999,392.78499999999997,938.54,4.035,15.43,20.0,4.720000000000001,4.5,47.31,1.54,38.160000000000004,32.86,113.5,2.385,31.455
1995,Canada,-4.314333333333333,0.22466666666666668,14.475000000000001,1.165,28.245,3.35,401.98,1070.79,2.835,15.785,32.5,3.3449999999999998,1.5,54.769999999999996,1.54,81.39,43.28,186.5,2.27,75.245
1996,Canada,-4.941166666666667,0.22374999999999998,14.76,1.1800000000000002,43.485,7.04,406.65,523.085,4.645,15.375,41.5,3.675,3.5,40.91,2.63,83.11500000000001,22.905,118.0,2.04,79.91999999999999
1998,Canada,-2.553916666666666,0.22991666666666666,14.76,1.32,38.54333333333333,3.5433333333333334,422.7866666666667,858.1700000000001,3.703333333333333,17.060000000000002,15.333333333333334,2.546666666666667,8.333333333333334,47.96,2.0500000000000003,55.94,25.896666666666665,141.33333333333334,1.8366666666666667,87.99666666666667
1999,Canada,-3.1863333333333332,0.21824999999999997,14.263333333333334,1.1533333333333333,32.156666666666666,7.1066666666666665,452.0233333333333,1085.6733333333334,3.8699999999999997,16.523333333333333,34.0,3.436666666666667,8.333333333333334,29.093333333333334,1.9133333333333333,48.78333333333334,33.67,122.66666666666667,2.2066666666666666,53.31999999999999
2000,Canada,-4.025916666666666,0.22466666666666668,14.475000000000001,1.1199999999999999,31.195,6.59,372.03999999999996,1167.33,4.955,15.594999999999999,49.0,2.0300000000000002,3.0,45.935,1.425,65.995,50.8,94.5,1.8,51.754999999999995
2001,Canada,-3.1000833333333326,0.23716666666666666,14.743333333333334,1.1733333333333333,32.913333333333334,4.126666666666667,391.92333333333335,1580.9833333333333,2.7433333333333336,15.409999999999998,23.0,3.42,4.333333333333333,36.85,1.0333333333333334,34.486666666666665,30.733333333333334,161.33333333333334,2.4166666666666665,34.699999999999996
2002,Canada,-4.362833333333334,0.23725,14.8625,1.4075,36.9025,8.432500000000001,409.32,908.7375,3.5175,15.6225,29.5,2.29,10.5,42.7425,2.205,50.6725,31.07,97.25,2.2825,53.9
2003,Canada,-3.8595000000000006,0.2635,14.14,0.8700000000000001,38.004999999999995,6.105,412.17,1248.1399999999999,3.5250000000000004,16.86,37.5,2.765,2.0,55.76,2.5700000000000003,42.56,44.045,154.0,1.915,24.475
2005,Canada,-3.30875,0.2050833333333333,14.185,1.26,31.615,6.592499999999999,421.8875,1260.8525,2.53,17.23,39.0,1.68,4.5,29.47,2.1875,51.8125,35.455,153.75,2.325,40.165000000000006
2006,Canada,-2.4601666666666664,0.22075,14.575,1.2,38.83,5.915,415.405,1679.8200000000002,2.4699999999999998,16.67,31.5,2.265,4.0,42.405,2.865,73.625,44.075,117.0,2.04,37.705
2007,Canada,-4.0609166666666665,0.21366666666666667,13.92,1.2233333333333334,38.666666666666664,3.53,414.2633333333333,906.64,4.676666666666667,16.61,26.0,2.8233333333333337,6.333333333333333,31.846666666666664,2.9766666666666666,59.13666666666666,38.64666666666667,143.33333333333334,2.42,70.41
2008,Canada,-4.29525,0.21991666666666665,14.99,1.335,36.38,5.305,440.635,1094.385,3.37,17.105,18.5,1.155,11.0,42.19,2.225,45.46,40.09,124.0,1.98,39.47
2009,Canada,-4.135083333333333,0.23183333333333334,13.865,0.9400000000000001,34.85,3.4800000000000004,411.265,949.7749999999999,1.985,15.74,48.5,2.815,6.0,43.625,1.7600000000000002,55.129999999999995,16.615,62.0,2.18,61.09
2010,Canada,-1.8879166666666667,0.21858333333333335,15.155,1.265,33.99,7.4399999999999995,386.05,974.1400000000001,4.135,15.97,57.5,3.085,3.5,31.71,2.74,44.09,44.82,157.5,2.535,46.985
2011,Canada,-3.5570833333333334,0.23258333333333334,15.24,1.56,40.29,6.67,429.93,934.09,3.94,17.31,55.0,4.28,13.0,21.67,0.31,46.59,30.23,61.0,2.28,56.04
2012,Canada,-3.176833333333334,0.3000833333333333,14.68,0.985,37.87,7.1000000000000005,421.25,674.735,1.3399999999999999,16.39,19.0,1.845,6.0,52.875,1.635,72.98,41.015,135.0,2.61,51.05499999999999
2013,Canada,-1.640666666666667,0.5336666666666666,14.263333333333334,0.31,36.723333333333336,3.3266666666666667,426.3666666666666,926.1433333333333,3.7733333333333334,16.683333333333334,23.666666666666668,3.206666666666667,9.0,42.09333333333333,1.4366666666666665,24.233333333333334,30.853333333333335,99.0,2.4466666666666668,63.31333333333333
1980,China,6.950083333333333,0.14391666666666666,14.7325,0.9025,35.3225,4.5425,417.73,899.17,3.535,17.0925,40.5,2.9475,7.25,35.8225,1.5525,54.7425,29.9125,61.75,2.135,45.4925
1981,China,6.926416666666667,0.19174999999999998,14.883333333333333,1.2533333333333334,35.86666666666667,3.356666666666667,411.99333333333334,951.7233333333334,3.233333333333333,17.12,24.0,2.4966666666666666,10.333333333333334,43.70666666666667,2.1233333333333335,44.46666666666667,30.296666666666667,133.66666666666666,2.283333333333333,29.373333333333335
1982,China,7.14975,0.17508333333333334,14.0375,0.8175,34.5975,6.467499999999999,424.3,888.03,4.9375,17.5,28.0,2.175,3.25,48.31,1.6149999999999998,58.41,34.192499999999995,97.5,2.485,26.802500000000002
1983,China,6.925083333333334,0.1855,15.1,1.0666666666666667,40.61333333333334,2.153333333333333,441.7866666666667,1067.61,4.303333333333334,16.41,24.333333333333332,2.033333333333333,6.666666666666667,33.65,2.33,70.83666666666666,35.40333333333333,69.66666666666667,2.3033333333333332,21.723333333333333
1984,China,6.5179166666666655,0.17591666666666664,14.56,1.03,32.31666666666667,7.7,428.4066666666667,1449.0533333333333,3.516666666666667,16.086666666666666,36.666666666666664,3.3699999999999997,6.0,30.620000000000005,0.6333333333333334,62.56333333333333,52.16,140.0,2.6666666666666665,24.586666666666662
1985,China,6.7402500000000005,0.1978333333333333,14.613333333333335,0.9766666666666666,30.593333333333334,3.1666666666666665,428.83,1088.2333333333333,4.1499999999999995,17.703333333333333,27.666666666666668,3.5833333333333335,3.3333333333333335,34.43666666666667,2.1999999999999997,35.156666666666666,32.39,107.66666666666667,2.73,72.29666666666667
1987,China,7.249,0.15875,15.323333333333332,0.8566666666666666,32.64,4.283333333333333,447.09,899.2533333333334,2.973333333333333,15.606666666666667,38.0,4.833333333333333,10.666666666666666,18.206666666666667,1.6666666666666667,60.02,32.35,106.33333333333333,2.0,69.42666666666666
1989,China,7.23975,0.2031666666666667,14.633333333333333,1.5099999999999998,31.88,4.25,417.81,895.2400000000001,3.4299999999999997,15.513333333333334,30.666666666666668,1.5533333333333335,7.666666666666667,28.926666666666666,2.243333333333333,40.64333333333334,37.096666666666664,91.0,2.31,37.236666666666665
1990,China,7.636,0.1845,14.05,0.765,33.045,5.115,416.47,920.925,3.565,19.905,23.5,3.2699999999999996,7.0,60.6,2.34,47.56,46.239999999999995,145.0,2.26,51.2
1991,China,7.097166666666666,0.15558333333333332,13.58,1.52,40.78,2.68,458.49,1346.47,4.7,17.85,49.0,1.46,4.0,59.19,2.64,62.44,27.44,197.0,1.04,29.89
1993,China,6.919416666666667,0.17266666666666666,14.77,1.4,30.71,3.99,427.33,1055.99,3.2,18.37,11.0,3.95,11.0,52.04,1.66,54.93,37.69,58.0,3.29,56.9
1994,China,7.4959999999999996,0.18458333333333332,14.594,0.9100000000000001,31.274,2.658,421.84799999999996,1154.692,3.3020000000000005,16.476,32.0,2.1399999999999997,6.0,47.854,1.174,52.848,47.622,143.4,1.6280000000000001,48.538
1995,China,7.2115833333333335,0.15808333333333333,14.566666666666668,1.07,36.906666666666666,4.053333333333334,426.93333333333334,873.3233333333333,2.91,16.933333333333334,39.0,1.6066666666666667,2.3333333333333335,58.09666666666667,1.3533333333333333,76.78,37.766666666666666,150.66666666666666,2.06,50.04
1996,China,6.962666666666667,0.15525,14.2025,1.1625,33.4525,3.7775,416.5,867.2874999999999,3.0675,17.0775,28.5,1.1875,2.75,42.0,2.29,47.8775,42.9375,80.75,2.1825,50.449999999999996
1997,China,7.367333333333334,0.16383333333333333,14.616666666666667,1.0766666666666664,40.18666666666667,6.033333333333334,416.31333333333333,1248.1633333333332,3.706666666666667,15.873333333333335,9.0,2.4233333333333333,8.333333333333334,52.72,2.393333333333333,61.13333333333333,39.526666666666664,106.33333333333333,1.9299999999999997,50.75
1998,China,8.051833333333333,0.13641666666666666,14.64,1.055,38.51,4.654999999999999,387.16999999999996,804.0899999999999,2.055,17.81,21.0,0.62,8.0,45.595,1.8250000000000002,49.355000000000004,25.255,89.0,2.485,54.645
1999,China,7.84025,0.151,14.283333333333333,0.7966666666666667,33.06333333333333,5.226666666666667,398.26666666666665,928.1266666666667,2.9633333333333334,15.686666666666667,35.333333333333336,2.9966666666666666,1.3333333333333333,32.199999999999996,1.6466666666666665,57.49666666666667,44.16,114.0,2.1666666666666665,53.830000000000005
2000,China,7.238083333333333,0.17558333333333334,14.69,1.2733333333333334,31.766666666666666,8.303333333333333,426.1166666666666,1224.4433333333334,3.8066666666666666,15.246666666666668,18.333333333333332,2.793333333333333,4.333333333333333,26.689999999999998,1.2433333333333334,29.166666666666668,31.08,116.66666666666667,2.83,32.70666666666667
2001,China,7.596416666666666,0.17425000000000002,14.725714285714286,1.1057142857142856,33.51,4.16,406.93857142857144,1016.26,3.2457142857142856,16.664285714285715,22.571428571428573,2.4814285714285718,9.0,40.34285714285714,1.457142857142857,54.19,37.42714285714286,84.28571428571429,1.8228571428571427,38.42
2002,China,7.7956666666666665,0.1688333333333333,14.633333333333333,0.8266666666666667,32.60333333333333,5.283333333333334,410.8033333333333,977.1433333333333,2.716666666666667,16.69,24.0,2.98,3.6666666666666665,18.56,1.3066666666666666,50.083333333333336,38.04,146.0,2.3333333333333335,63.52333333333333
2003,China,7.521999999999999,0.21783333333333332,14.546666666666667,1.1333333333333333,34.59166666666667,6.446666666666666,417.81333333333333,799.0949999999999,3.2750000000000004,15.538333333333332,39.166666666666664,2.4266666666666667,8.333333333333334,44.17166666666666,2.105,72.15,29.974999999999998,105.5,1.8083333333333333,57.19833333333333
2004,China,7.71275,0.19625,14.7,1.072,32.62,5.1659999999999995,411.178,1017.86,3.4219999999999997,17.63,16.6,3.414,7.6,36.92,1.6,62.379999999999995,26.098000000000003,103.2,2.322,46.306
2005,China,7.4135,0.169,14.09,1.6,37.48,6.03,397.12,763.59,2.97,18.71,53.0,4.99,12.0,35.05,2.59,25.91,39.15,174.0,2.81,40.47
2006,China,7.948,0.18975,14.395,1.02,38.5,-0.4,440.58000000000004,1122.89,3.5300000000000002,17.245,52.0,1.31,10.0,18.89,2.125,79.78,43.27,134.0,1.98,58.49
2007,China,8.12675,0.13575,14.476666666666667,0.7166666666666667,36.43833333333333,0.9066666666666666,403.3066666666667,1005.125,4.323333333333333,16.831666666666667,24.5,2.14,5.166666666666667,46.16,1.4716666666666667,60.20333333333334,36.901666666666664,128.66666666666666,1.9166666666666667,46.145
2009,China,7.8095,0.16908333333333334,14.885000000000002,1.385,39.435,9.435,419.34000000000003,618.4350000000001,3.8000000000000003,16.54,37.0,2.16,11.0,47.45,0.715,57.61,24.21,178.5,2.44,73.995
2010,China,7.548416666666667,0.19366666666666665,14.186666666666667,1.1033333333333333,37.306666666666665,5.616666666666667,406.1666666666667,965.5933333333332,4.206666666666666,16.59,15.333333333333334,3.1300000000000003,6.0,30.52,2.793333333333333,65.82666666666667,38.57666666666667,112.0,2.5966666666666667,48.379999999999995
2011,China,7.357083333333333,0.18233333333333335,14.450000000000001,0.9900000000000001,37.946666666666665,3.9,413.4433333333333,1056.9,3.3233333333333337,16.38,21.0,1.6933333333333331,7.666666666666667,39.03,2.226666666666667,51.26666666666667,15.17,114.66666666666667,1.9933333333333332,63.366666666666674
2012,China,7.077083333333333,0.26325000000000004,14.71888888888889,1.2277777777777779,36.843333333333334,5.6033333333333335,425.35999999999996,1024.548888888889,3.6333333333333337,16.065555555555555,29.0,2.468888888888889,8.88888888888889,28.802222222222227,2.0677777777777777,57.31555555555556,30.43777777777778,101.55555555555556,2.5566666666666666,44.17777777777778
2013,China,9.295,0.261625,14.05,1.08,34.1275,2.925,447.2875,905.8924999999999,2.56,16.3925,12.25,1.56,9.75,42.3275,2.1925,52.239999999999995,41.3325,155.0,2.315,82.175
1980,France,12.555833333333332,0.2020833333333333,14.58,1.07,36.49,6.81,447.54,962.89,3.67,13.94,16.0,1.37,2.0,27.46,0.97,79.31,59.17,122.0,2.57,26.32
1981,France,13.080666666666666,0.23666666666666666,14.506666666666666,0.7000000000000001,33.96,6.616666666666667,405.75666666666666,1014.4566666666666,3.7866666666666666,16.343333333333334,15.333333333333334,1.1533333333333333,9.666666666666666,30.069999999999997,2.5366666666666666,46.73333333333333,32.73333333333333,127.66666666666667,2.3666666666666667,46.410000000000004
1982,France,13.679416666666667,0.21575,14.64,0.665,37.575,4.73,439.1,862.225,4.725,17.82,33.5,1.79,7.5,69.355,2.6,82.4,49.72,106.5,1.32,73.67
1983,France,13.487833333333334,0.21341666666666667,14.05,1.56,28.22,5.21,388.22,1650.17,3.51,16.31,30.0,4.41,6.0,44.04,1.55,72.48,46.26,88.0,2.38,70.6
1984,France,12.868250000000002,0.22999999999999998,14.325714285714286,1.195714285714286,35.01714285714286,3.27,421.30571428571426,1053.2242857142858,2.8185714285714285,16.965714285714284,19.285714285714285,1.3699999999999999,7.428571428571429,42.777142857142856,1.1357142857142857,54.10857142857143,33.77428571428571,109.57142857142857,2.1028571428571428,63.83
1985,France,12.628,0.2394166666666667,14.319999999999999,1.284,32.556,3.554,393.45799999999997,1075.016,3.78,17.344,22.8,3.246,8.2,34.22,2.0460000000000003,41.818,24.562,120.2,2.184,47.882
1986,France,12.871666666666668,0.21616666666666665,14.365,1.005,37.14,7.04,416.505,959.19,2.145,17.675,42.5,3.295,10.5,28.244999999999997,1.395,57.605000000000004,33.185,150.0,1.935,23.25
1987,France,12.955166666666665,0.19833333333333333,14.855,1.23,32.46,4.055,414.895,1038.33,4.475,19.025,50.5,1.33,3.0,47.865,1.94,89.535,24.19,84.5,2.11,47.790000000000006
1988,France,13.580916666666667,0.20466666666666666,14.754999999999999,1.2449999999999999,32.14,3.21,402.515,1242.79,3.63,16.619999999999997,14.0,2.49,7.5,44.760000000000005,1.9649999999999999,45.975,28.345,69.5,2.455,36.555
1989,France,13.930083333333334,0.24691666666666667,14.520000000000001,1.26,39.14666666666667,7.113333333333333,416.08,989.5533333333333,3.47,15.726666666666667,18.333333333333332,3.436666666666667,5.333333333333333,29.66333333333333,2.41,69.35000000000001,31.419999999999998,152.33333333333334,2.2266666666666666,65.29
1990,France,14.038833333333335,0.23841666666666664,15.14,1.11,32.84,7.82,457.16,818.11,4.01,18.73,22.0,4.93,5.0,60.44,1.7,20.45,55.7,54.0,2.26,29.33
1991,France,13.1395,0.20316666666666663,13.9,1.4100000000000001,29.265,6.605,417.765,1018.03,3.075,16.65,30.0,3.615,5.0,42.035,2.9,39.160000000000004,14.4,72.5,2.525,40.585
1992,France,13.462916666666667,0.25899999999999995,14.21,1.13,39.629999999999995,2.465,427.975,1028.82,3.155,17.39,9.5,4.32,8.5,27.019999999999996,2.7199999999999998,61.975,35.93,77.5,2.625,45.585
1993,France,13.150166666666665,0.22191666666666665,14.39,1.42,36.82333333333333,3.8000000000000003,440.4866666666667,1065.9933333333333,2.9966666666666666,17.186666666666667,27.0,1.54,9.666666666666666,55.00333333333333,1.8066666666666666,65.90666666666667,27.623333333333335,150.33333333333334,2.06,29.44666666666667
1994,France,14.156166666666666,0.228,13.905,1.255,34.475,4.37,419.58,993.97,3.5549999999999997,13.705,21.5,2.455,6.0,39.745000000000005,2.735,66.53,34.91,102.5,2.9850000000000003,56.435
1995,France,13.89975,0.21091666666666667,14.2325,1.4475,32.5325,7.4725,405.445,1097.4524999999999,4.8,17.045,36.5,2.9274999999999998,6.75,41.8475,1.135,53.68,29.3825,136.25,2.72,62.555
1996,France,13.013916666666667,0.20258333333333334,15.26,1.1,36.47,0.27,360.05,1074.65,2.08,14.94,8.0,3.35,5.0,14.16,3.23,37.62,19.55,55.0,1.54,62.88
1997,France,14.095999999999998,0.23683333333333334,14.635000000000002,0.99,34.61,8.585,409.885,602.13,2.41,16.625,13.0,1.3399999999999999,7.5,29.895000000000003,1.8499999999999999,46.9,22.505000000000003,48.0,1.775,29.990000000000002
1998,France,13.720666666666666,0.1925,15.0125,1.0775000000000001,30.5175,5.8500000000000005,414.375,970.0875000000001,3.9725,17.7425,23.25,1.9025,8.5,41.855000000000004,2.335,63.62,32.74,119.0,2.295,35.7075
1999,France,13.904916666666667,0.19066666666666665,14.085,1.065,33.72,6.475,373.215,823.625,3.7399999999999998,17.735,34.5,2.8,7.0,67.88,2.49,66.125,51.760000000000005,187.5,2.455,95.235
2000,France,13.967333333333334,0.22783333333333333,14.125,1.265,36.335,6.8625,392.465,885.5975,3.2975000000000003,15.81,31.5,3.7325,5.0,36.095,1.76,41.4325,44.6725,175.0,2.27,71.6525
2001,France,13.6965,0.21816666666666665,14.394,1.036,37.588,4.318,442.096,764.168,4.254,15.868,26.4,2.2880000000000003,8.2,38.242000000000004,1.7979999999999996,51.184,25.517999999999997,114.0,1.9060000000000001,43.738
2002,France,14.048166666666667,0.20866666666666664,14.253333333333336,0.7600000000000001,32.49,2.636666666666667,413.46000000000004,940.8333333333334,4.97,17.03,33.333333333333336,2.4633333333333334,6.666666666666667,39.653333333333336,2.4233333333333333,53.48333333333333,38.25,129.66666666666666,1.7999999999999998,60.61666666666667
2003,France,14.337916666666667,0.27108333333333334,14.780000000000001,0.6033333333333334,36.413333333333334,6.593333333333334,406.74666666666667,1154.39,3.356666666666667,15.56,25.0,2.856666666666667,5.0,20.526666666666667,1.1433333333333333,43.64000000000001,35.699999999999996,108.66666666666667,2.07,26.3
2004,France,13.664083333333332,0.2285,14.37,1.262,33.494,6.566,399.992,1024.182,3.7920000000000003,16.258000000000003,30.4,2.46,6.2,29.45,1.778,61.73199999999999,31.934000000000005,147.6,2.304,67.40799999999999
2005,France,13.694250000000002,0.19833333333333333,14.75,1.04,32.476,6.158,386.938,1150.134,4.018,16.964,29.8,1.832,8.4,31.454,2.1580000000000004,55.077999999999996,33.628,110.6,2.206,47.852
2006,France,14.143833333333333,0.23075,14.36,0.89,34.09,6.45,401.79,872.52,3.26,14.79,0.0,3.47,12.0,24.33,0.82,35.63,42.15,92.0,2.85,97.06
2007,France,13.896583333333332,0.19708333333333336,14.8,1.29,31.37,2.09,393.09,1377.75,4.3,16.15,29.0,3.44,11.0,48.9,2.73,24.91,9.98,112.0,1.68,97.09
2008,France,13.5815,0.19425,14.879999999999999,0.97,31.645000000000003,4.935,433.55499999999995,1025.835,0.575,17.095,32.0,1.325,8.0,53.980000000000004,2.2199999999999998,41.32,35.47,184.5,2.23,73.18
2009,France,13.941666666666668,0.20466666666666666,14.406666666666666,0.82,35.61333333333334,1.31,423.7166666666667,673.27,2.9133333333333336,17.163333333333334,39.0,2.793333333333333,2.0,49.69,1.1666666666666667,46.61666666666667,23.900000000000002,120.33333333333333,2.2466666666666666,37.95333333333333
2010,France,13.115416666666668,0.208,14.85,1.14,32.449999999999996,4.74,425.5466666666666,1107.7966666666669,3.86,15.976666666666667,48.666666666666664,2.1533333333333333,5.666666666666667,34.233333333333334,2.953333333333333,63.53666666666667,23.290000000000003,144.66666666666666,2.0233333333333334,54.41
2011,France,14.479583333333332,0.211,14.35,1.195,39.435,1.215,449.07,822.74,2.735,16.91,9.5,0.905,9.0,26.68,1.915,86.495,9.934999999999999,101.0,2.71,35.845
2012,France,13.707166666666666,0.2831666666666666,14.283333333333333,1.3633333333333333,33.806666666666665,4.166666666666666,426.16333333333336,1268.1166666666666,4.11,16.433333333333334,34.666666666666664,1.6866666666666665,6.0,45.03333333333333,1.8133333333333332,56.96,36.03333333333333,111.33333333333333,2.1166666666666667,38.85666666666666
2013,France,13.584624999999999,0.3085,14.575,0.79,37.0975,3.5574999999999997,428.58000000000004,743.155,4.0775,16.8175,30.75,3.77,5.5,41.105000000000004,0.975,53.6775,35.69,134.75,2.3875,46.2475
1980,Germany,7.727250000000001,0.15625,14.045,1.16,43.345,7.58,413.885,1148.97,3.28,18.66,29.0,1.195,2.5,50.56,1.5899999999999999,52.22,11.61,126.0,2.69,77.475
1981,Germany,8.320500000000001,0.1980833333333333,14.49,2.0166666666666666,36.45333333333333,8.143333333333333,395.2266666666667,1205.9233333333332,3.266666666666667,16.126666666666665,33.666666666666664,1.8699999999999999,6.333333333333333,40.276666666666664,1.2133333333333334,62.22666666666667,11.9,94.33333333333333,2.21,53.82333333333333
1983,Germany,9.185666666666668,0.17825,14.495000000000001,0.94,31.665,3.275,438.08,1279.58,1.71,16.02,32.0,3.79,7.0,49.08,1.4100000000000001,46.925,35.4,85.5,1.225,94.97
1984,Germany,8.123,0.20233333333333334,14.71,1.135,37.3875,7.3149999999999995,391.1825,915.6625,3.1,16.345,39.25,2.33,5.75,39.2525,1.3125,42.942499999999995,26.535000000000004,104.0,2.2275,44.465
1985,Germany,7.613333333333333,0.207,14.493333333333334,1.4533333333333334,35.14333333333334,7.819999999999999,407.91,1065.8400000000001,4.453333333333333,16.243333333333332,19.666666666666668,2.06,7.0,42.18,1.3666666666666665,26.773333333333337,27.92,112.66666666666667,2.3033333333333332,80.12333333333333
1986,Germany,8.085083333333333,0.18783333333333332,14.65,1.1133333333333333,36.10666666666666,5.183333333333334,399.71999999999997,1091.21,2.6033333333333335,18.07,26.666666666666668,1.9000000000000001,8.666666666666666,51.48333333333333,1.8733333333333333,78.20666666666666,26.49,135.0,2.3966666666666665,36.77
1987,Germany,7.58925,0.1779166666666667,14.356666666666667,1.36,34.76,7.546666666666667,428.95,953.3033333333333,3.2099999999999995,14.86,40.0,2.08,12.666666666666666,31.016666666666666,0.85,71.78,34.336666666666666,180.66666666666666,2.0033333333333334,53.13333333333333
1988,Germany,9.195583333333333,0.16516666666666666,14.585,1.075,37.160000000000004,2.2924999999999995,431.495,855.39,4.032500000000001,16.1,21.5,3.415,9.25,45.915,2.1675000000000004,62.755,40.885,121.0,2.3175,45.8125
1989,Germany,9.679833333333333,0.20858333333333334,14.43,0.85,43.11,13.28,410.52,878.34,3.04,18.09,10.0,4.56,12.0,67.78,2.26,70.38,7.77,46.0,2.64,12.57
1990,Germany,9.6895,0.21966666666666668,14.335,1.525,29.965,3.44,430.97,916.38,5.335,17.395000000000003,28.5,1.925,6.5,46.285,0.24000000000000002,51.555,9.605,83.5,2.3899999999999997,27.065
1991,Germany,8.523083333333334,0.17758333333333334,14.51,1.1357142857142857,34.35142857142857,0.8714285714285713,429.9714285714286,1048.91,3.1514285714285712,16.234285714285715,20.714285714285715,1.8785714285714286,9.285714285714286,36.00571428571429,1.5185714285714287,58.83428571428571,40.80285714285714,117.0,2.5485714285714285,48.81571428571429
1992,Germany,9.505833333333333,0.25533333333333336,14.4,1.3399999999999999,34.93666666666667,10.07,410.42333333333335,876.8466666666667,3.973333333333333,16.083333333333332,26.333333333333332,3.1933333333333334,11.0,38.18,1.55,72.38666666666667,13.51,96.33333333333333,2.38,32.903333333333336
1993,Germany,8.6335,0.17983333333333332,14.950000000000001,1.5466666666666666,31.883333333333336,2.94,437.24333333333334,894.0666666666666,3.986666666666667,16.419999999999998,43.333333333333336,1.1766666666666665,7.0,49.053333333333335,1.8433333333333335,59.85999999999999,38.440000000000005,178.66666666666666,1.8399999999999999,49.99666666666667
1994,Germany,9.847,0.18425,15.165,1.455,34.68,4.52,431.58,927.655,5.845,15.33,18.0,2.4749999999999996,4.5,61.075,2.06,73.92,32.775,144.5,2.075,72.34
1996,Germany,7.374416666666666,0.16991666666666663,14.125,1.13,40.91,-0.5199999999999998,427.40999999999997,1154.3200000000002,4.575,16.445,35.0,1.6350000000000002,13.0,37.705,1.56,79.405,30.57,100.5,2.015,34.155
1997,Germany,9.048666666666668,0.19241666666666668,14.46,0.445,33.77,1.2650000000000001,384.015,974.2,3.745,17.15,52.0,0.875,5.0,41.025,1.275,51.495,30.055,104.0,2.285,31.544999999999998
1998,Germany,9.17175,0.15633333333333332,14.69,1.14,33.11,4.56,464.5,938.77,4.38,16.94,55.0,1.39,12.0,36.48,0.61,55.58,20.6,111.0,1.64,77.44
1999,Germany,9.62075,0.15991666666666665,13.81,1.6,28.8,5.58,400.31,845.27,2.22,17.61,51.0,2.98,5.0,24.76,0.53,80.3,45.81,54.0,2.57,56.32
2000,Germany,10.020416666666666,0.19541666666666666,14.219999999999999,0.785,30.994999999999997,8.465,426.87,1021.57,4.3149999999999995,17.555,54.5,2.725,9.0,20.700000000000003,3.27,38.775,57.724999999999994,133.5,1.7200000000000002,24.575000000000003
2001,Germany,9.090416666666666,0.18475,14.395,1.21,35.595,0.935,414.49,590.5600000000001,2.9050000000000002,14.845,24.5,3.8550000000000004,4.0,59.515,1.4100000000000001,55.205,15.705,196.5,1.55,11.215
2002,Germany,9.637333333333334,0.16008333333333333,14.155000000000001,1.415,35.9,6.96,380.01,943.6800000000001,3.52,16.195,41.0,4.699999999999999,8.5,27.91,1.04,45.615,14.969999999999999,86.0,2.1399999999999997,49.349999999999994
2004,Germany,9.053416666666667,0.19825,14.16,1.23,30.44,9.48,404.59,768.66,2.61,17.47,43.0,2.09,0.0,61.45,0.41,51.54,22.19,195.0,2.0,6.18
2005,Germany,9.128416666666666,0.16483333333333333,14.882,0.982,34.544,9.242,428.92600000000004,870.472,3.9159999999999995,15.5,44.2,2.488,7.2,53.774,1.4,68.336,27.590000000000003,97.8,2.064,61.0
2006,Germany,9.706000000000001,0.21208333333333332,14.85,1.8,33.02,7.39,394.01,1074.48,2.76,18.18,19.0,0.47,6.0,47.49,1.66,43.04,30.5,125.0,2.08,90.0
2007,Germany,9.9975,0.17616666666666667,14.953333333333333,1.3166666666666667,36.736666666666665,4.76,392.9433333333333,634.31,3.4766666666666666,15.670000000000002,33.333333333333336,2.1566666666666667,3.6666666666666665,33.06,2.0866666666666664,65.73666666666666,19.63,141.0,2.35,66.52333333333333
2008,Germany,9.642166666666666,0.19516666666666668,14.465,0.82,35.055,4.37,428.575,824.105,3.7300000000000004,15.915,28.0,2.3449999999999998,1.0,43.73,0.7949999999999999,55.665,17.105,117.0,1.885,31.565
2009,Germany,9.359166666666667,0.20066666666666666,14.528571428571428,1.0642857142857143,33.934285714285714,5.381428571428572,403.1014285714286,1067.1114285714286,3.2585714285714285,16.847142857142856,18.142857142857142,1.6285714285714286,7.571428571428571,47.30714285714286,1.3257142857142858,46.59285714285714,31.457142857142856,129.0,2.1728571428571426,56.59142857142857
2010,Germany,8.009,0.1875,14.882,1.1300000000000001,41.354,4.845999999999999,406.804,1027.6119999999999,3.628,16.322,9.4,1.7079999999999997,11.4,40.465999999999994,1.226,54.61,32.882,116.8,2.02,41.498000000000005
2011,Germany,9.819583333333334,0.2001666666666667,15.09,1.2799999999999998,40.245000000000005,0.4950000000000001,393.9,978.625,4.15,15.105,26.0,3.64,8.0,36.33,1.555,87.495,23.29,112.0,2.5700000000000003,45.315
2012,Germany,9.227166666666667,0.24450000000000002,15.15,1.4,34.75,9.72,413.81,1344.82,1.88,14.2,29.0,3.36,3.0,27.57,2.47,59.3,37.41,171.0,2.03,52.96
2013,Germany,9.23525,0.22525,14.38,1.44,40.18,-3.7,409.13,1426.77,2.97,15.35,55.0,4.55,14.0,35.95,2.88,41.44,5.31,196.0,1.51,39.77
1980,India,24.593083333333336,0.21516666666666664,14.182500000000001,1.02,38.8375,2.65,407.235,1202.8575,3.6975,17.0025,37.75,2.49,5.75,39.345,2.515,48.1775,18.08,107.75,2.64,47.7825
1981,India,24.228416666666664,0.21841666666666668,14.5575,1.1124999999999998,39.464999999999996,1.33,418.0575,1029.4425,3.1425,16.245,28.25,2.16,7.25,46.655,1.7525,40.065,33.3225,84.5,2.28,57.2725
1982,India,24.21825,0.18991666666666665,14.65,1.6,33.46,4.43,408.02,857.79,1.6,15.71,1.0,2.44,12.0,51.91,1.47,66.15,57.67,183.0,2.52,83.49
1983,India,23.938000000000002,0.17800000000000002,14.252500000000001,1.335,37.795,6.2075,416.245,801.96,2.83,17.0525,45.75,2.6825,3.25,26.1425,1.0975000000000001,62.89,29.405,123.75,2.4025,44.4975
1984,India,24.185083333333335,0.18925,13.829999999999998,1.26,29.403333333333336,4.486666666666667,387.6966666666667,1078.13,4.153333333333333,16.44666666666667,49.333333333333336,1.4000000000000001,8.0,41.62,2.2133333333333334,49.49,16.836666666666666,127.33333333333333,2.28,54.79
1985,India,24.486333333333334,0.21433333333333335,14.7725,0.9975,36.555,7.7225,429.58500000000004,1011.5174999999999,2.6875,16.8925,11.25,2.335,8.25,40.9825,2.3575,39.15,30.3625,95.0,2.51,63.5875
1986,India,24.2945,0.22041666666666668,14.705,0.8300000000000001,32.44,6.3,420.27,1036.785,4.535,16.96,5.5,2.675,8.5,43.2,1.4449999999999998,62.4,6.83,72.0,2.3,89.29499999999999
1987,India,24.789083333333334,0.20033333333333334,14.7,1.235,34.160000000000004,3.13,407.23,1350.675,2.58,17.455,29.0,2.7249999999999996,8.0,34.35,2.1,46.575,23.185000000000002,53.5,2.375,51.945
1988,India,24.72775,0.167,14.605,1.365,38.66,4.08,412.75,1089.2649999999999,3.99,15.889999999999999,34.0,2.085,6.5,15.89,1.025,81.11,35.16,61.0,2.375,41.8
1989,India,24.162333333333333,0.21824999999999997,14.9,1.03,32.190000000000005,2.813333333333333,407.81333333333333,992.0133333333333,2.7399999999999998,17.223333333333333,45.333333333333336,1.4799999999999998,6.0,27.060000000000002,1.64,47.23,47.75333333333333,98.33333333333333,2.8200000000000003,82.74666666666667
1990,India,24.17816666666667,0.2363333333333333,13.835,1.0,30.29,6.12,400.71500000000003,1436.76,5.0649999999999995,14.95,13.5,0.945,7.5,30.02,0.91,67.14,16.865,122.5,2.21,90.975
1991,India,24.311750000000004,0.18575,14.8525,1.0925,35.635,4.5475,419.43,1068.7,3.11,15.865,34.0,3.0475000000000003,2.75,44.792500000000004,1.055,49.67,32.83,118.25,2.3,56.205
1992,India,24.222916666666666,0.21608333333333332,13.865,0.9099999999999999,37.025,7.217500000000001,407.47249999999997,800.2725,3.67,16.095,18.75,1.96,6.75,35.775,1.505,52.480000000000004,18.315,113.75,2.4425,66.2975
1993,India,24.408666666666665,0.21525000000000002,14.079999999999998,1.2933333333333332,31.77333333333333,5.616666666666667,421.4633333333333,1085.66,3.4266666666666663,16.996666666666666,35.0,3.4000000000000004,1.6666666666666667,26.569999999999997,0.7966666666666667,62.19,37.21,100.33333333333333,2.08,38.47
1994,India,24.29641666666667,0.23191666666666666,14.5125,1.4425,33.965,3.3200000000000003,406.125,811.64,3.6525,15.135,39.25,3.2275,4.5,33.7725,1.9100000000000001,56.6325,41.815,151.0,2.285,13.275
1995,India,24.42975,0.18858333333333333,14.406666666666666,0.9933333333333333,34.17333333333334,5.236666666666667,425.5933333333333,766.4833333333332,3.453333333333333,16.823333333333334,21.0,1.2666666666666666,9.333333333333334,31.416666666666668,0.4266666666666667,56.423333333333325,28.583333333333332,113.66666666666667,2.3433333333333333,76.39999999999999
1996,India,24.436916666666665,0.18508333333333335,14.780000000000001,1.4,30.825,0.76,410.745,887.18,3.665,17.265,35.0,3.325,5.0,29.795,2.84,35.5,38.05,113.0,1.645,62.35
1997,India,24.04733333333333,0.22308333333333333,14.368333333333334,1.2650000000000001,37.406666666666666,6.026666666666667,396.06166666666667,1088.055,3.5816666666666666,16.39,19.5,3.605,5.5,42.18333333333333,2.5233333333333334,54.63666666666666,37.32833333333333,129.33333333333334,2.17,55.653333333333336
1998,India,24.755416666666665,0.16466666666666666,14.875,1.205,35.665,8.68,422.695,955.9949999999999,3.25,15.834999999999999,32.5,2.915,5.0,46.26,0.895,49.78,25.599999999999998,148.0,2.335,46.985
1999,India,24.659833333333335,0.17108333333333334,14.95,0.9,35.355000000000004,-1.945,432.53,1028.17,3.41,14.75,12.0,3.0549999999999997,6.5,55.595,2.8449999999999998,37.395,38.555,166.0,2.49,83.13499999999999
2000,India,24.498,0.20025,14.1,1.38,41.22,-1.48,407.31,811.96,2.8,16.24,31.0,2.69,7.0,28.4,0.3,71.66,34.86,105.0,2.05,73.09
2002,India,24.913,0.19375,14.32,1.16,33.57,7.91,414.62,1374.54,6.45,17.75,37.0,2.93,5.0,48.6,2.57,39.26,23.11,69.0,2.53,62.31
2003,India,24.649916666666666,0.2565,15.11,0.93,34.47,4.09,423.99,1193.13,2.6,15.11,22.0,4.46,11.0,24.09,1.91,34.03,25.18,92.0,2.03,21.02
2004,India,24.634583333333335,0.19899999999999998,14.685,1.73,38.644999999999996,4.47,429.755,807.865,3.915,17.185,31.0,3.3850000000000002,6.0,55.065,1.5,57.795,25.23,84.0,2.84,42.695
2005,India,24.495416666666667,0.18158333333333332,14.543333333333335,0.61,37.47,4.083333333333333,416.32,1310.2733333333333,4.3566666666666665,15.956666666666665,49.0,2.5366666666666666,6.0,37.92333333333334,1.0966666666666667,82.89,47.54,92.33333333333333,2.223333333333333,34.36
2006,India,24.732083333333335,0.21883333333333332,14.626666666666667,0.85,37.98666666666667,4.58,443.3733333333333,945.0,3.643333333333333,16.89333333333333,33.333333333333336,2.986666666666667,3.0,58.25,2.4966666666666666,54.47666666666667,33.38666666666666,121.33333333333333,1.93,62.169999999999995
2007,India,24.649916666666666,0.1759166666666667,13.6,1.3,47.07,-2.21,418.52,1282.72,4.27,15.23,46.0,4.94,13.0,65.05,1.12,53.92,52.42,143.0,1.59,3.42
2008,India,24.406000000000002,0.17808333333333334,14.355714285714285,1.1014285714285714,35.529999999999994,3.441428571428571,409.90999999999997,955.2728571428571,2.922857142857143,15.974285714285713,30.142857142857142,2.3857142857142857,8.714285714285714,36.431428571428576,1.4857142857142858,58.96,29.54,109.71428571428571,2.0014285714285713,63.16857142857143
2009,India,25.146666666666665,0.165,15.226666666666667,1.29,36.62,3.6733333333333333,413.88000000000005,980.7599999999999,2.9966666666666666,16.593333333333334,24.666666666666668,0.9833333333333334,6.0,53.330000000000005,0.5766666666666667,56.49333333333334,31.766666666666666,77.66666666666667,1.9533333333333331,71.28666666666668
2010,India,25.050833333333333,0.20683333333333334,14.06,1.07,38.82,7.45,486.53,1030.14,1.95,16.92,50.0,1.62,0.0,68.36,3.24,62.95,11.29,182.0,2.2,11.32
2011,India,24.415583333333334,0.21333333333333335,14.506666666666668,1.0433333333333332,28.733333333333334,4.96,412.0333333333333,1129.5133333333333,3.9133333333333336,15.09666666666667,40.666666666666664,1.89,3.3333333333333335,40.166666666666664,2.856666666666667,57.586666666666666,34.99,156.0,2.3833333333333333,37.403333333333336
2012,India,24.640833333333333,0.27091666666666664,13.846666666666666,1.0633333333333332,33.163333333333334,5.053333333333334,424.8033333333333,1204.74,4.09,16.996666666666666,32.0,2.65,6.0,62.15,1.6166666666666665,56.43666666666667,45.306666666666665,176.33333333333334,2.4566666666666666,58.12
2013,India,25.413249999999998,0.2935,14.59,1.23,35.05,5.21,463.6,1257.14,2.88,19.19,18.0,0.17,6.0,25.58,2.8,53.89,8.77,58.0,2.75,49.44
1980,Pakistan,21.41125,0.309,14.18,1.0350000000000001,37.915,8.065,412.43,937.775,2.3200000000000003,16.555,24.5,2.665,7.0,31.119999999999997,1.16,35.195,53.790000000000006,103.5,2.225,54.39
1982,Pakistan,20.509416666666667,0.3224166666666667,14.63,1.3,34.65,10.090000000000002,417.25333333333333,1056.2266666666667,4.823333333333333,16.669999999999998,25.666666666666668,2.3566666666666665,7.0,38.699999999999996,1.54,54.21,36.61333333333334,128.0,2.46,24.346666666666668
1983,Pakistan,20.57283333333333,0.30016666666666664,14.093333333333334,1.2366666666666666,33.839999999999996,2.1266666666666665,410.19,1151.79,3.3866666666666667,16.349999999999998,9.666666666666666,2.1966666666666668,5.333333333333333,40.050000000000004,2.4899999999999998,49.92666666666667,28.599999999999998,57.333333333333336,1.9799999999999998,48.92333333333334
1984,Pakistan,20.875083333333333,0.3365833333333333,14.655000000000001,0.9625,31.645,4.9,414.8825,888.0675,3.455,15.892499999999998,18.75,1.275,7.0,26.82,1.9575,55.29,27.0975,88.75,2.3625,70.67
1985,Pakistan,21.28275,0.2990833333333333,14.456666666666665,1.2133333333333334,34.949999999999996,5.1466666666666665,385.7133333333333,1088.95,4.0633333333333335,18.19,32.0,1.9166666666666667,3.6666666666666665,31.516666666666666,2.493333333333333,64.90333333333332,44.85999999999999,99.33333333333333,2.2933333333333334,70.16000000000001
1986,Pakistan,20.640583333333336,0.2783333333333333,14.42,1.38,28.08,5.12,388.59,703.38,3.2,16.73,53.0,1.85,0.0,24.53,2.47,51.95,51.73,55.0,1.73,50.68
1987,Pakistan,21.436833333333336,0.2585,14.13,1.1,30.58,6.25,432.27,1167.25,4.07,19.79,19.0,2.54,12.0,22.89,2.33,30.98,34.52,127.0,2.49,56.86
1988,Pakistan,21.812250000000002,0.26908333333333334,14.14,0.83,28.92,12.8,415.49,1153.52,2.92,16.03,47.0,1.16,6.0,34.02,3.21,46.02,39.38,156.0,2.94,48.81
1989,Pakistan,20.650000000000002,0.32808333333333334,13.653333333333334,0.9366666666666666,34.153333333333336,2.65,403.74666666666667,1027.57,2.28,16.986666666666668,17.0,2.5733333333333337,7.0,33.35666666666666,1.5133333333333334,52.46,25.02,94.0,2.49,40.85666666666666
1990,Pakistan,21.376416666666668,0.3226666666666667,14.49,0.86,38.53,9.45,451.325,680.06,4.09,15.290000000000001,35.0,2.765,8.5,46.97,2.37,37.2,29.075000000000003,140.0,2.28,76.82
1991,Pakistan,20.901333333333337,0.33816666666666667,14.175,0.6699999999999999,31.939999999999998,2.045,393.28,708.245,3.375,16.18,30.5,2.725,5.0,36.96,0.9099999999999999,50.57,11.385,86.5,1.785,51.77
1992,Pakistan,20.7085,0.34191666666666665,14.635,0.9750000000000001,33.03,5.025,435.995,999.845,5.550000000000001,16.87,22.0,1.2349999999999999,9.5,38.824999999999996,1.55,64.25,18.385,72.5,2.2350000000000003,32.26
1993,Pakistan,21.444833333333335,0.36175,14.823333333333332,1.14,35.74666666666667,6.8066666666666675,438.97333333333336,853.4699999999999,4.613333333333333,15.903333333333334,32.666666666666664,3.6199999999999997,5.0,47.32666666666666,1.22,52.94,42.97666666666667,124.0,2.106666666666667,35.93333333333334
1994,Pakistan,21.163083333333333,0.30791666666666667,14.39,1.3233333333333333,34.25333333333334,2.4766666666666666,437.8233333333333,1249.6966666666667,5.13,14.836666666666668,20.333333333333332,2.8533333333333335,5.666666666666667,49.53333333333333,1.28,66.35333333333334,36.1,149.66666666666666,1.7066666666666668,45.09666666666667
1995,Pakistan,21.073916666666666,0.27375,14.875,0.93,33.4475,3.085,402.3125,911.89,4.0825,17.0825,32.25,0.9875,1.25,37.74,2.415,50.614999999999995,33.695,123.75,1.9949999999999999,32.825
1996,Pakistan,20.933833333333332,0.27175,14.81,0.97,42.864999999999995,4.12,392.33,754.675,3.065,16.490000000000002,48.0,3.0,4.0,61.515,2.705,28.87,36.585,108.0,1.64,74.35499999999999
1997,Pakistan,20.73875,0.371,14.99,1.55,31.28,3.21,441.43,1220.82,4.49,15.93,36.0,1.04,10.0,60.14,0.21,31.68,41.97,188.0,1.69,36.1
1998,Pakistan,21.66275,0.35083333333333333,15.07,0.545,31.185000000000002,2.4849999999999994,416.59000000000003,1181.125,4.08,16.74,20.0,1.115,10.5,65.685,2.215,61.825,34.525000000000006,74.0,2.9349999999999996,70.19
1999,Pakistan,21.863,0.31083333333333335,14.265,1.37,33.355000000000004,6.970000000000001,428.95,1165.8249999999998,4.425,14.545,52.5,3.035,5.0,42.925,1.6300000000000001,48.059999999999995,30.485,110.0,2.15,83.91
2001,Pakistan,21.93041666666667,0.35525,14.165,0.645,39.92,4.53,453.51,1031.18,3.395,16.46,29.0,2.29,4.0,28.845000000000002,2.895,48.415,44.32,179.5,2.425,26.285
2002,Pakistan,22.025499999999997,0.2900833333333333,14.780000000000001,1.345,44.5,3.2399999999999998,396.155,1139.7199999999998,3.42,16.225,30.0,2.69,6.5,50.519999999999996,1.77,58.845,30.619999999999997,97.0,1.92,38.39
2004,Pakistan,22.143083333333333,0.305,14.192857142857141,1.1328571428571428,33.19285714285714,4.7700000000000005,403.6385714285714,924.75,2.768571428571429,15.331428571428571,39.857142857142854,2.282857142857143,5.142857142857143,37.68,1.6228571428571428,55.87714285714286,34.28285714285715,127.0,2.165714285714286,66.23571428571428
2005,Pakistan,21.27241666666667,0.317,14.341,1.348,32.675,3.604,416.671,975.4680000000001,3.564,16.624000000000002,23.3,2.2510000000000003,8.0,38.067,1.3370000000000002,47.714999999999996,28.343,153.1,2.258,44.85
2006,Pakistan,21.636916666666668,0.37274999999999997,14.89,0.64,40.0,1.14,428.78,631.29,4.26,15.62,31.0,2.28,1.0,34.6,1.14,48.4,28.82,170.0,2.12,20.0
2007,Pakistan,21.690916666666666,0.20225,14.926666666666668,1.4233333333333331,32.28666666666667,-0.20000000000000004,415.41333333333336,1146.1966666666665,3.4766666666666666,16.103333333333335,35.0,2.033333333333333,9.0,31.39,2.3066666666666666,45.70333333333334,24.77333333333333,104.0,2.65,8.953333333333333
2008,Pakistan,21.53516666666667,0.207,14.46,1.09,33.776666666666664,6.466666666666666,383.6166666666666,632.4699999999999,3.986666666666667,17.433333333333334,15.333333333333334,2.4133333333333336,5.0,40.36,0.9333333333333332,63.71,46.22333333333333,117.0,2.1266666666666665,53.24
2009,Pakistan,21.911416666666668,0.21999999999999997,14.4775,1.27,33.995,6.775,431.66499999999996,1030.7525,3.5575,17.1725,32.75,1.845,8.5,39.989999999999995,0.7775000000000001,67.5825,31.8725,86.5,1.9874999999999998,47.375
2010,Pakistan,22.08791666666667,0.22133333333333335,15.03,1.35,34.83,5.62,403.43,1103.935,3.005,18.5,21.5,2.4899999999999998,12.5,53.135000000000005,1.185,50.39,52.555,120.5,2.6799999999999997,74.72
2011,Pakistan,21.76825,0.2205,14.047142857142857,1.0471428571428572,34.27571428571429,5.064285714285715,396.68857142857144,929.7471428571429,3.3757142857142854,16.44857142857143,30.714285714285715,1.5957142857142856,4.428571428571429,24.00714285714286,2.4585714285714286,33.462857142857146,36.519999999999996,115.57142857142857,2.0085714285714285,49.27571428571428
2012,Pakistan,21.198,0.24008333333333332,14.13,0.8799999999999999,42.36333333333334,4.046666666666667,434.0733333333333,936.2133333333333,3.1933333333333334,16.28,47.666666666666664,2.1366666666666667,9.666666666666666,40.96333333333333,2.026666666666667,43.98,28.22333333333333,143.33333333333334,2.4033333333333333,72.31666666666666
